{"cameraMode":{"drawMode":0,"name":"Shaded","section":"Shading Mode"},"sceneLighting":false,"audioPlay":false,"sceneViewState":{"m_AlwaysRefresh":false,"showFog":true,"showSkybox":false,"showFlares":true,"showImageEffects":true,"showParticleSystems":true,"showVisualEffectGraphs":true,"m_FxEnabled":true},"in2DMode":false,"pivot":{"x":0.12355595827102661,"y":1.951592206954956,"z":7.82565450668335},"rotation":{"x":-0.31280407309532168,"y":0.0646122470498085,"z":-0.021330533549189569,"w":-0.9474104642868042},"size":6.1558380126953129,"orthographic":false}