{"cameraMode":{"drawMode":0,"name":"Shaded","section":"Shading Mode"},"sceneLighting":false,"audioPlay":false,"sceneViewState":{"m_AlwaysRefresh":false,"showFog":true,"showSkybox":false,"showFlares":true,"showImageEffects":true,"showParticleSystems":true,"showVisualEffectGraphs":true,"m_FxEnabled":true},"in2DMode":false,"pivot":{"x":-1.1486387252807618,"y":-6.739964485168457,"z":20.474567413330079},"rotation":{"x":0.34947195649147036,"y":-0.0022465239744633438,"z":0.0008400079677812755,"w":0.936966061592102},"size":15.953989028930664,"orthographic":false}