{"cameraMode":{"drawMode":0,"name":"Shaded","section":"Shading Mode"},"sceneLighting":false,"audioPlay":false,"sceneViewState":{"m_AlwaysRefresh":false,"showFog":false,"showSkybox":false,"showFlares":false,"showImageEffects":false,"showParticleSystems":false,"showVisualEffectGraphs":true,"m_FxEnabled":true},"in2DMode":false,"pivot":{"x":0.07015407085418701,"y":0.8935271501541138,"z":0.043539077043533328},"rotation":{"x":0.21226555109024049,"y":0.0073290616273880009,"z":-0.0015921631129458547,"w":0.9771872758865356},"size":1.31100332736969,"orthographic":false}